{
  "arm": "dbzd_full",
  "branch_a_macro_f1": 0.5936129833251295,
  "probe_seed": 1234,
  "seed": 42,
  "test_tokens": 114,
  "trunk_macro_f1": 0.38957007045242337,
  "val_tokens": 110
}