{
  "arm": "dbzd_full",
  "completed": false,
  "config": {
    "alpha_init": 0.1,
    "answer_batch_size": 1,
    "answer_eval_examples": 1,
    "answer_max_new_tokens": 8,
    "batch_size": 4,
    "compact_completed_checkpoint": false,
    "data_dir": "data/smoke",
    "epochs": 1,
    "eval_batch_size": 4,
    "eval_every_steps": 2,
    "fallback_model": null,
    "fork_layers": 2,
    "gamma_reg": 0.01,
    "grad_accum_steps": 1,
    "gradient_cosine_params": 2,
    "lambda_zone": 0.5,
    "learning_rate": 0.001,
    "log_every_steps": 1,
    "max_eval_batches": 1,
    "max_grad_norm": 1.0,
    "max_length": 160,
    "max_steps": 3,
    "model_name": "tiny",
    "num_workers": 0,
    "num_zones": 7,
    "precision": "fp32",
    "run_root": "runs/smoke",
    "save_every_steps": 2,
    "tokenizer_name": "simple",
    "warmup_ratio": 0.1,
    "weight_decay": 0.01
  },
  "device": "cpu",
  "git_hash": "not-a-git-repository",
  "global_step": 3,
  "model_source": "tiny",
  "parameter_count": 137720,
  "precision": "fp32",
  "seed": 42,
  "test": {
    "answer_accuracy": 0.0,
    "entropy_mean": 5.321622865389934,
    "entropy_z0": 5.322229485762747,
    "entropy_z1": 5.3219358270818535,
    "entropy_z2": 5.321417744954427,
    "entropy_z3": 5.3216357760959205,
    "entropy_z4": 5.3214772542317705,
    "entropy_z5": 5.32128185696072,
    "entropy_z6": 5.321090221405029,
    "gate_mean": 1.0000449732730263,
    "gate_mean_z0": 1.0012530008951823,
    "gate_mean_z1": 1.0028953552246094,
    "gate_mean_z2": 1.0011221143934461,
    "gate_mean_z3": 1.0007416054054543,
    "gate_mean_z4": 0.9990522596571181,
    "gate_mean_z5": 0.9969507853190104,
    "gate_mean_z6": 0.9970938364664713,
    "gate_std": 0.047946841711805833,
    "gate_std_z0": 0.04690571493858554,
    "gate_std_z1": 0.048226022613714115,
    "gate_std_z2": 0.04926380847472217,
    "gate_std_z3": 0.047533632552957415,
    "gate_std_z4": 0.047877299054207685,
    "gate_std_z5": 0.046845892789349565,
    "gate_std_z6": 0.049618223036573365,
    "gradient_cosine": -0.08155910670757294,
    "lm_loss": 5.260462284088135,
    "reg_loss": 0.0022989853750914335,
    "total_loss": 5.9654541015625,
    "zone_f1": 0.2450866777389422,
    "zone_loss": 1.4099382162094116
  },
  "val": {
    "answer_accuracy": 0.0,
    "entropy_mean": 5.32137641556766,
    "entropy_z0": 5.3220985814144735,
    "entropy_z1": 5.321509043375651,
    "entropy_z2": 5.321344648088727,
    "entropy_z3": 5.32110830453726,
    "entropy_z4": 5.321195197827889,
    "entropy_z5": 5.32116813659668,
    "entropy_z6": 5.3209662437438965,
    "epoch": 0.0,
    "gate_mean": 0.9989723899147728,
    "gate_mean_z0": 1.000149408976237,
    "gate_mean_z1": 0.9994644588894315,
    "gate_mean_z2": 0.9995707557314918,
    "gate_mean_z3": 0.9983419760679587,
    "gate_mean_z4": 0.9989490701694681,
    "gate_mean_z5": 0.997348403930664,
    "gate_mean_z6": 0.9973951975504557,
    "gate_std": 0.04732128656245016,
    "gate_std_z0": 0.04693846675177342,
    "gate_std_z1": 0.048825188035833744,
    "gate_std_z2": 0.04677313634389571,
    "gate_std_z3": 0.047277972522175346,
    "gate_std_z4": 0.0470773303172679,
    "gate_std_z5": 0.04623753596871604,
    "gate_std_z6": 0.04919670862418355,
    "global_step": 3,
    "gradient_cosine": 0.043117825873196125,
    "lm_loss": 5.23314905166626,
    "reg_loss": 0.002240321133285761,
    "split": "val",
    "total_loss": 5.984364986419678,
    "zone_f1": 0.2372431490078549,
    "zone_loss": 1.5023871660232544
  }
}